<?xml version="1.0" encoding="UTF-8"?>
<!DOCTYPE mapper PUBLIC "-//mybatis.org//DTD Mapper 3.0//EN" "http://mybatis.org/dtd/mybatis-3-mapper.dtd" >
<mapper namespace="net.kingborn.erp.bc.dao.SaleDao">


    <resultMap type="com.alibaba.fastjson.JSONObject" id="resultObj"></resultMap>

    <select id="queryPage" parameterType="com.alibaba.fastjson.JSONObject" resultType="net.kingborn.erp.bc.model.Sale">
        SELECT s.* from bc_sale s left join
        uc_customer c on s.customerId = c.id WHERE 1 = 1
        <if test="query.type != null">
            AND s.`type` = #{query.type}
        </if>
        <if test="query.name != null and query.name != ''">
            AND (
              s.`code` LIKE concat('%', #{query.name}, '%') OR
              c.`name` LIKE concat('%', #{query.name}, '%') OR
              c.`code` LIKE concat('%', #{query.name}, '%')
              )
        </if>
        <if test="query.startDate != null and query.startDate != ''">
            AND s.`issueDate` <![CDATA[ >= ]]> #{query.startDate}
        </if>
        <if test="query.endDate != null and query.endDate != ''">
            AND s.`issueDate` <![CDATA[  <= ]]> #{query.endDate}
        </if>
        ORDER BY s.createdTime DESC
    </select>

</mapper>